col_0,col_1,col_1,col_2,col_2,col_3,col_3,col_4,col_4,col_5,col_5,col_6,col_6,col_7,col_7,col_8,col_8,col_9,col_9,col_10,col_10,col_11,col_11,col_12,col_12,col_13,col_13,col_14,col_14,col_15,col_15,col_16,col_16,col_17,col_17,col_18,col_18,col_19,col_19,col_20,col_20,col_21,col_21,col_22,col_22,col_23,col_23,col_24,col_24,col_25,col_25,col_26,col_26,col_27,col_27,col_28,col_28,col_29,col_29,col_30,col_30,col_31,col_31,col_32,col_32,col_33,col_33,col_34,col_34,col_35,col_35,col_36,label_0,label_1,label_2,label_3,label_4,label_5
0.034741,0.089665,0.091225,-73.302422,6.215179,0.615074,2.03716,0.804065,1.301409,0.558576,0.672063,0.783788,0.76664,0.458712,0.530384,0.812429,0.028851,0.129039,0.039614,5.762173,1.636819,1.170034,1.051511,0.764163,0.642705,0.617868,0.510265,0.566213,0.509149,0.477275,0.505073,0.463535,0.013519,0.050591,0.009025,8.156257,1.077167,0.624711,0.810244,0.399568,0.279947,0.314215,0.231439,0.345401,0.285389,0.210613,0.321896,0.290551,0.022774,0.095801,0.015057,4.748694,0.536378,0.296306,0.27321,0.1758,0.105508,0.168246,0.115849,0.13602,0.110514,0.100517,0.11863,0.094923,0.051035,68,0.014937,136,2,0.245457,0.105065,0.405399,0,1,1,0,0,0
0.081374,0.272747,0.085733,-62.584437,3.183163,-0.218145,0.163038,0.620251,0.458514,0.041426,0.308287,0.538152,0.594871,0.734332,0.415489,0.761508,0.066288,0.26237,0.034438,3.480874,1.596532,0.943803,0.804444,0.511229,0.49867,0.523039,0.480916,0.488657,0.483166,0.445187,0.415994,0.405593,0.013621,0.073041,0.010094,1.243981,0.82979,0.252972,0.347831,0.205087,0.168601,0.178009,0.14408,0.178703,0.146937,0.12558,0.128202,0.107007,0.020028,0.06694,0.029483,3.963534,0.38236,0.168389,0.117525,0.098341,0.087046,0.057991,0.059393,0.059457,0.053439,0.067684,0.070075,0.041565,0.295031,70,0.276366,140,2,0.343547,0.276366,0.710924,1,0,0,0,0,1
0.110545,0.273567,0.08441,-65.235325,2.794964,0.639047,1.281297,0.757896,0.489412,0.627636,0.469322,0.644336,0.441556,0.335964,0.290713,0.158538,0.082743,0.215373,0.03597,4.834742,1.213443,0.864034,0.909222,0.780572,0.550833,0.63974,0.573309,0.526312,0.562622,0.538407,0.492292,0.455562,0.029112,0.070433,0.008525,2.759906,0.592634,0.761852,0.56874,0.589827,0.281181,0.437752,0.479889,0.22732,0.296224,0.273855,0.191804,0.198025,0.038119,0.065427,0.029622,3.371796,0.430373,0.172862,0.177523,0.184333,0.095718,0.139323,0.109279,0.09065,0.117886,0.100852,0.079917,0.085821,0.161574,61,0,183,3,0.188693,0.045941,0.457372,0,1,0,0,0,1
0.042481,0.199281,0.093447,-80.305152,5.824409,0.648848,1.75487,1.495532,0.739909,0.809644,0.460945,0.409566,0.680122,0.590405,0.48138,0.621956,0.049939,0.281616,0.044727,6.719538,1.377811,1.265771,0.986178,0.710955,0.706904,0.710147,0.688825,0.699573,0.577976,0.533882,0.501818,0.495368,0.020749,0.106318,0.009108,3.992357,0.656429,0.927692,0.569916,0.378919,0.530714,0.317807,0.308447,0.324934,0.263444,0.359477,0.274257,0.233287,0.032678,0.11948,0.028707,4.125111,0.461304,0.280751,0.246108,0.142805,0.183657,0.124399,0.155513,0.167114,0.113774,0.112815,0.129145,0.12233,0.043012,66,0.206562,132,2,0.102839,0.241934,0.351009,0,0,1,0,0,0
0.07455,0.14088,0.079789,-93.697749,5.543229,1.064262,0.899152,0.890336,0.702328,0.490685,0.796904,0.745373,0.911234,0.594429,0.454186,0.384836,0.035751,0.085592,0.029413,4.755293,1.11629,0.926772,0.634988,0.63966,0.552653,0.527708,0.584705,0.696173,0.648611,0.689096,0.643595,0.578063,0.047014,0.136984,0.010356,7.71314,1.592642,1.02719,0.591399,0.565654,0.52442,0.554501,0.6062,0.61676,0.596926,0.524291,0.637971,0.63796,0.036151,0.087741,0.03018,5.085385,0.551937,0.257562,0.15995,0.175855,0.150907,0.142092,0.222804,0.329188,0.251668,0.265049,0.284196,0.189988,0.029308,100,0.144039,200,2,0.195196,0.310801,0.683817,0,0,0,1,0,0
0.052434,0.110653,0.09677,-69.792637,6.598383,1.258462,2.873985,0.503222,0.782427,-0.143505,0.338997,-0.186085,0.325765,0.157168,0.454723,0.353157,0.0611,0.18247,0.046543,5.414537,1.64609,1.149108,0.903827,0.743446,0.70045,0.610953,0.607789,0.56981,0.515551,0.473992,0.492629,0.467567,0.017641,0.049527,0.007909,3.835748,0.769825,0.808127,0.560954,0.396785,0.420713,0.542216,0.508029,0.473474,0.459661,0.355348,0.308208,0.340781,0.037052,0.075122,0.027889,4.694374,0.443698,0.346999,0.277305,0.154298,0.134325,0.098063,0.129451,0.123337,0.151916,0.082887,0.110493,0.072176,0.218684,64,0.05387,128,2,0.403684,0.24591,0.649594,0,1,1,0,0,0
0.064067,0.147375,0.078124,-68.698041,4.052059,1.14922,2.063466,0.531396,0.877409,0.66098,0.089885,0.51714,0.166582,0.775128,0.812568,0.364786,0.036757,0.120716,0.029871,3.813653,0.924273,0.969948,0.607092,0.562143,0.487347,0.453649,0.476279,0.440538,0.427923,0.436823,0.474516,0.455837,0.019871,0.052885,0.008053,2.713319,0.424945,0.619237,0.336648,0.271894,0.182622,0.2211,0.201635,0.177046,0.182256,0.216797,0.258205,0.18109,0.024036,0.051788,0.030206,3.777514,0.291206,0.182281,0.159225,0.10201,0.08913,0.085498,0.066714,0.078375,0.067474,0.078946,0.09447,0.113727,0.167898,60,0.358269,120,2,0.755628,0.427281,1.182908,1,1,0,0,0,0
0.044949,0.092085,0.097908,-68.406051,4.552287,0.898913,1.641708,1.490264,1.269593,0.884284,0.808403,0.150058,0.474578,0.780169,0.698994,0.767477,0.037329,0.129705,0.043602,5.843585,1.562391,1.162586,1.095826,1.011066,0.753695,0.825064,0.648638,0.658814,0.544174,0.483505,0.565364,0.464623,0.02144,0.042342,0.009317,2.278805,0.584095,0.377787,0.433472,0.405403,0.263973,0.279862,0.233755,0.246134,0.193811,0.128118,0.197081,0.157612,0.035572,0.068647,0.028444,3.708926,0.376434,0.2297,0.237802,0.2602,0.105052,0.116184,0.148467,0.105881,0.11271,0.081464,0.081107,0.071943,0.037882,53,0.059756,106,2,0.23707,0.087547,0.329783,0,0,0,0,0,1
0.081354,0.302058,0.09724,-76.209068,2.419066,1.353814,1.681155,1.077603,1.078218,0.875479,0.858871,0.77323,0.843999,0.734046,0.620638,0.670318,0.087255,0.327868,0.04596,6.512197,1.529419,1.16659,0.81849,0.716019,0.682405,0.539359,0.464374,0.512859,0.502584,0.477341,0.467416,0.453966,0.018392,0.053047,0.009042,2.486091,0.392817,0.437824,0.416101,0.194697,0.217095,0.107007,0.121507,0.136194,0.155098,0.146949,0.173602,0.145579,0.019922,0.03042,0.02836,3.928069,0.223277,0.164591,0.181582,0.118775,0.114469,0.061956,0.079447,0.068104,0.08977,0.060114,0.076139,0.103849,0.78087,66,1.156114,132,2,1.131073,1.204185,2.335258,1,1,0,0,0,0
0.039819,0.056986,0.073635,-83.146547,11.224703,1.280494,1.008498,0.940606,0.401406,0.008756,0.388885,0.428252,0.200104,0.247948,0.508959,0.575344,0.010135,0.019275,0.028009,3.299295,0.862004,0.643745,0.491714,0.487018,0.395002,0.451746,0.415611,0.419919,0.380613,0.42653,0.393594,0.368378,0.014836,0.038131,0.008281,5.209001,1.18906,1.036365,0.420646,0.47551,0.277937,0.409208,0.393988,0.470132,0.247319,0.33531,0.309596,0.288299,0.028101,0.061662,0.030883,4.743869,0.704132,0.253414,0.181521,0.135988,0.128187,0.14627,0.137304,0.15968,0.147272,0.185677,0.114503,0.084013,0.025843,100,0,200,2,0.084776,0.137788,0.248702,0,0,1,1,1,0
0.070779,0.249749,0.088224,-71.464692,3.781501,0.946865,2.00859,0.425796,0.431214,0.74882,0.312963,0.684434,0.448612,0.385034,0.636508,0.394653,0.062566,0.233248,0.03709,5.807147,1.09491,1.257772,1.027029,0.82805,0.60801,0.577094,0.563382,0.501218,0.504829,0.438189,0.428289,0.406116,0.029491,0.146032,0.009238,3.767215,0.836447,0.722986,1.010999,0.4118,0.479368,0.292757,0.367049,0.314475,0.282423,0.253884,0.3112,0.17892,0.035783,0.112092,0.029673,4.566799,0.656572,0.380315,0.280867,0.244503,0.131112,0.176219,0.132303,0.104672,0.112889,0.109043,0.086567,0.066596,0.080509,81,0.406049,162,2,0.293736,0,0.835918,0,1,1,0,0,0
0.07661,0.173846,0.085544,-73.431108,4.166807,0.256907,2.069593,0.592233,0.346489,0.572659,1.277228,0.843066,0.006599,0.165121,0.490021,0.452169,0.049047,0.133586,0.035605,4.838325,1.197948,1.178439,0.98664,0.711055,0.634663,0.543885,0.601067,0.617135,0.523592,0.45339,0.450317,0.462819,0.022252,0.044207,0.008193,3.353675,0.74539,0.92196,0.868064,0.362126,0.35653,0.241441,0.290889,0.281937,0.257923,0.250197,0.333141,0.198408,0.028081,0.06554,0.029743,4.33184,0.327743,0.375127,0.245478,0.144704,0.13817,0.113705,0.13897,0.122011,0.102979,0.075501,0.081472,0.065556,0.324556,70,0.533895,140,2,0.572201,0.577333,1.342122,0,0,1,0,0,0
0.112665,0.3462,0.094216,-73.22667,2.741632,1.707433,1.257558,0.805555,0.742856,0.615765,0.947719,0.75842,0.813356,0.61255,0.468198,0.494374,0.082081,0.285271,0.038763,4.803621,1.004541,1.101516,0.757763,0.683399,0.630638,0.49182,0.42669,0.462839,0.448752,0.390417,0.425064,0.404553,0.045421,0.073893,0.007405,2.694329,0.741981,0.349342,0.219867,0.303975,0.215078,0.158922,0.131802,0.096486,0.103487,0.073086,0.095559,0.074911,0.02611,0.035949,0.029573,3.85519,0.30037,0.120505,0.101579,0.069436,0.059147,0.053095,0.052991,0.056388,0.052235,0.043043,0.045284,0.049654,1.180777,68,1.368186,136,2,1.233543,1.41513,2.693369,1,0,0,0,0,0
0.031987,0.06375,0.088266,-74.668599,7.50841,0.892436,2.403569,1.482929,1.808649,0.580347,0.945128,0.019582,0.579569,0.571816,0.481704,0.307826,0.020615,0.061726,0.040728,5.697374,2.046307,1.198313,0.694643,0.727845,0.564009,0.584212,0.567323,0.568086,0.535662,0.463622,0.438143,0.501728,0.025331,0.062746,0.007831,4.352911,1.169301,0.657283,0.49144,0.678922,0.314609,0.299643,0.316286,0.304913,0.239969,0.225773,0.233053,0.24319,0.029756,0.066582,0.02885,4.015623,0.545935,0.407243,0.191986,0.213832,0.127072,0.119238,0.161892,0.146425,0.163794,0.094339,0.097982,0.160609,0.017779,100,0.014253,200,2,0.064356,0.11123,0.326031,0,0,1,0,1,0
0.056384,0.114651,0.084246,-73.219315,4.801673,-0.160915,2.065888,0.517364,1.027248,0.660353,1.008713,0.771807,0.950514,0.800831,0.191792,0.410237,0.051712,0.118016,0.035851,4.471482,1.294987,1.124739,0.839705,0.729185,0.658059,0.605391,0.45751,0.455219,0.441779,0.440217,0.450447,0.462062,0.019295,0.039873,0.009405,2.59128,0.839685,0.826631,0.66446,0.410582,0.373322,0.251105,0.205521,0.236927,0.315307,0.204768,0.256403,0.285326,0.028609,0.057322,0.02902,4.224989,0.449478,0.333635,0.310079,0.262943,0.208758,0.169781,0.086288,0.120678,0.09371,0.111411,0.101346,0.124834,0.073747,55,0.055948,110,2,0.193052,0.169508,0.36256,0,0,0,0,1,0
0.081393,0.490578,0.097462,-75.447622,2.014756,2.359655,1.697092,1.088954,1.203154,0.661206,0.791159,0.699248,0.552733,0.634512,0.445632,0.50295,0.109314,0.403057,0.047636,7.234498,1.330175,1.422433,0.70181,0.594846,0.491434,0.559048,0.347058,0.460241,0.436416,0.433046,0.37454,0.369364,0.01095,0.080254,0.007244,2.350675,0.408559,0.532128,0.114057,0.12235,0.054569,0.133578,0.106018,0.125732,0.066437,0.062333,0.042072,0.072901,0.014764,0.026723,0.027827,3.599747,0.176812,0.122097,0.096764,0.070767,0.052322,0.051835,0.04941,0.056704,0.047733,0.043404,0.034682,0.053409,1.19483,66,1.313201,132,2,1.285485,1.313201,2.618282,1,0,0,0,0,1
0.036562,0.07414,0.077247,-70.267813,8.268667,-0.828732,2.066208,0.477379,1.758715,0.830623,1.08465,0.895668,0.15495,0.517579,-0.028205,0.64094,0.017275,0.051859,0.03012,3.03103,1.220172,0.769348,0.638049,0.55811,0.535562,0.561834,0.523278,0.535594,0.475299,0.477172,0.433362,0.410064,0.01686,0.055012,0.008329,2.708556,1.253066,0.538376,0.411595,0.34881,0.229077,0.270842,0.305822,0.275972,0.294823,0.261171,0.264916,0.163782,0.028386,0.061265,0.030247,4.085003,0.545045,0.268081,0.186048,0.114108,0.109789,0.109193,0.110755,0.095753,0.092783,0.10494,0.086373,0.081639,0.251613,90,0.220614,180,2,0.516142,0.177216,1.164726,0,0,1,1,1,0
0.073788,0.250403,0.094382,-71.74645,3.284483,0.326715,2.334506,0.567338,0.744065,0.510656,0.705776,0.265347,0.137199,0.614462,0.3587,0.579978,0.065977,0.254251,0.050067,6.808461,1.627414,0.991094,0.939982,0.713142,0.698768,0.722498,0.638908,0.595839,0.49767,0.524823,0.503939,0.495169,0.017189,0.057807,0.007417,3.273868,0.675836,0.622131,0.332678,0.302428,0.211394,0.285269,0.264538,0.279959,0.257477,0.171081,0.182987,0.209984,0.021639,0.069582,0.027588,3.39234,0.502725,0.218145,0.13749,0.121531,0.112684,0.183188,0.145547,0.132815,0.086038,0.075193,0.097757,0.070971,0.598458,88,1.013591,176,2,1.493682,0.102761,2.676193,0,1,1,0,0,0
0.072026,0.191563,0.094844,-69.19301,5.131605,1.211724,1.878594,0.518966,0.816461,0.777486,0.394824,0.307957,0.157742,0.188905,0.32326,0.478209,0.086034,0.265663,0.039511,5.820356,2.068388,1.132742,1.064888,0.941567,0.706672,0.719599,0.741495,0.675539,0.700581,0.671143,0.609871,0.538296,0.033104,0.069682,0.009719,3.207479,0.892135,0.529161,0.426963,0.37675,0.276831,0.336539,0.264039,0.297414,0.413503,0.450691,0.217141,0.213195,0.052806,0.070241,0.029315,3.69523,0.520177,0.275734,0.242668,0.223577,0.1198,0.104303,0.103021,0.093423,0.134796,0.136708,0.092251,0.074716,0.093141,91,0.068727,182,2,0.186132,0.335761,0.749744,0,0,0,0,1,1
0.030467,0.044338,0.082121,-75.783124,6.740614,1.740645,1.918101,1.02006,0.59258,0.877341,1.398433,0.283796,0.981018,0.906477,0.115706,0.417938,0.015189,0.03951,0.033947,3.631961,1.328053,0.701078,0.600455,0.520285,0.477569,0.55888,0.499225,0.449488,0.467149,0.43873,0.412085,0.427969,0.014819,0.035091,0.007622,3.485133,0.959965,0.351713,0.500946,0.46595,0.215384,0.551517,0.230752,0.261042,0.380805,0.276766,0.208124,0.180612,0.029553,0.068774,0.029857,4.343962,0.456831,0.19937,0.187168,0.13253,0.106402,0.130246,0.125524,0.075088,0.090343,0.091083,0.094975,0.072846,0.073564,57,0.07547,114,2,0.271633,0.183637,0.580032,0,0,1,1,1,0
0.090841,0.221729,0.083844,-62.03853,3.3929,0.122367,1.32222,0.259427,0.546771,0.591368,0.419064,0.525858,0.766899,0.301706,0.42107,0.31885,0.049267,0.147887,0.030995,3.940208,1.193657,0.852737,0.893404,0.805841,0.650716,0.580267,0.571912,0.551561,0.578482,0.475611,0.478703,0.472023,0.020568,0.051397,0.008491,1.583536,0.543385,0.600194,0.541869,0.479099,0.245186,0.315148,0.249551,0.213228,0.318042,0.144751,0.172649,0.160604,0.025371,0.062529,0.030007,3.889851,0.369155,0.212134,0.191676,0.165876,0.147614,0.112851,0.099206,0.093833,0.108841,0.060203,0.090094,0.075316,0.262349,90,0.41677,180,2,0.570178,0.195529,1.386673,1,0,0,0,0,1
0.05804,0.176479,0.08054,-60.734624,3.859824,-0.214225,2.185029,0.396813,0.799851,0.524074,0.674635,0.338175,0.441247,0.51398,0.273593,0.356589,0.037546,0.146401,0.032797,2.310175,1.057221,0.765613,0.627141,0.539703,0.472872,0.441179,0.440828,0.399385,0.417664,0.393819,0.349375,0.35923,0.02235,0.055466,0.008301,1.949031,0.563897,0.319845,0.537201,0.249894,0.190281,0.173325,0.259128,0.1263,0.186445,0.176945,0.138312,0.113457,0.029084,0.081522,0.030164,3.737753,0.363209,0.15261,0.174143,0.125041,0.074468,0.092428,0.098385,0.052777,0.091201,0.068528,0.045189,0.054135,0.171742,67,0.211584,134,2,0.798944,0.314226,1.113169,0,1,0,0,0,0
0.089174,0.201884,0.080349,-69.377978,3.530109,-0.088116,2.358581,0.259732,0.986011,0.739841,0.552698,0.367461,0.238452,0.348709,0.542195,0.576342,0.043218,0.104523,0.030973,6.368852,1.057144,1.287773,0.527054,0.58171,0.479653,0.4828,0.437383,0.431424,0.447148,0.446894,0.444153,0.502809,0.021231,0.047008,0.007485,4.594243,0.73886,0.860877,0.293687,0.295432,0.255969,0.239309,0.239693,0.185593,0.175838,0.322092,0.171341,0.296154,0.022297,0.05571,0.030312,3.507677,0.268011,0.370831,0.125591,0.122705,0.086995,0.121477,0.066993,0.077777,0.073425,0.07413,0.100791,0.141356,0.016167,64,0.193998,128,2,0.105963,0.310587,0.519843,0,1,0,0,0,0
0.118812,0.282714,0.098123,-73.044706,3.325299,0.843389,1.941173,0.869662,0.410705,0.985148,0.444858,0.376239,0.32359,0.365712,0.60064,0.395985,0.109781,0.251526,0.043624,6.284351,1.988883,1.711572,1.255824,0.979814,1.016693,0.76654,0.719634,0.59864,0.592697,0.545239,0.528358,0.468472,0.056746,0.111822,0.009569,3.531461,0.796007,0.687073,0.53581,0.531361,0.401741,0.289049,0.217922,0.174371,0.218597,0.160786,0.149787,0.122954,0.056593,0.069429,0.028434,3.757581,0.505087,0.337882,0.270039,0.239794,0.148151,0.152759,0.150247,0.105612,0.094192,0.107838,0.08737,0.070076,0.008598,90,0.135224,180,2,0.0198,0.082193,0.46526,0,0,0,0,0,1
0.072312,0.30059,0.08707,-67.149229,2.081332,0.862607,1.363718,1.105382,0.505856,0.288421,0.467216,0.752435,0.136314,0.570828,0.445762,0.304039,0.057446,0.295261,0.035598,4.769029,1.375215,0.904397,1.076684,0.875058,0.608533,0.608196,0.739748,0.614852,0.619513,0.525258,0.523695,0.480678,0.023243,0.086187,0.009017,2.114308,0.602659,0.232994,0.327658,0.38134,0.216241,0.194821,0.224271,0.261608,0.197484,0.159295,0.15043,0.148972,0.026668,0.064286,0.029508,3.677509,0.327112,0.175135,0.265895,0.208162,0.106769,0.120566,0.171566,0.126718,0.106964,0.084656,0.087173,0.072809,0.029456,90,0.052152,180,2,0.158518,0.099286,0.338074,0,0,0,0,0,1
0.049007,0.281936,0.083871,-70.34728,2.039672,2.581988,2.300394,0.915189,0.677891,0.650469,0.405205,0.674459,0.75374,0.62181,0.482005,0.419929,0.039932,0.329674,0.032091,4.93403,1.540143,1.086377,0.9861,0.638159,0.63043,0.575717,0.55796,0.637081,0.538458,0.524832,0.461307,0.44489,0.022343,0.149633,0.008749,3.413602,0.66065,0.652383,0.687878,0.285321,0.246676,0.290367,0.216475,0.286391,0.242166,0.215758,0.167604,0.137985,0.027898,0.094191,0.029881,3.647868,0.493371,0.345906,0.318506,0.166943,0.154008,0.118487,0.121749,0.093806,0.096624,0.098079,0.061595,0.055962,0.226138,90,0.401992,180,2,0.714863,0.055066,1.402736,0,0,1,0,0,1
0.039345,0.162001,0.092001,-76.648626,4.932518,2.060865,2.166609,0.40273,0.696715,0.620707,0.43556,0.447726,0.337997,0.336435,0.736492,0.673786,0.045744,0.254131,0.042205,6.766731,1.946499,1.145085,1.039473,0.682673,0.645726,0.668063,0.578836,0.525521,0.519705,0.50691,0.47356,0.40063,0.023065,0.103513,0.007511,3.893871,1.107468,0.577365,0.78923,0.530555,0.320916,0.367324,0.315855,0.291589,0.363927,0.315177,0.275603,0.180596,0.032223,0.111386,0.028252,3.961881,0.366948,0.209513,0.287009,0.169917,0.144531,0.145515,0.134639,0.09141,0.090523,0.098374,0.099342,0.065102,0.277285,81,0,162,2,0.656906,0.038492,1.443817,0,0,1,0,0,0
0.059105,0.364229,0.15946,-79.734634,6.560354,0.690158,0.760122,0.848304,0.731515,0.427603,0.519098,0.376991,0.456455,0.431473,0.438684,0.474532,0.070494,0.386503,0.11619,15.262381,3.664476,2.04521,1.081396,0.703948,0.601091,0.594638,0.425845,0.382856,0.357922,0.325899,0.350981,0.343967,0.025864,0.115081,0.021227,7.268233,1.113475,0.826435,0.556715,0.186507,0.211328,0.165819,0.153384,0.184116,0.152529,0.129237,0.099599,0.09063,0.036436,0.051989,0.021999,4.577565,0.501606,0.397522,0.300469,0.123,0.12037,0.10057,0.074592,0.059238,0.048627,0.058594,0.045763,0.057764,0.65215,67,1.602833,134,2,1.262872,1.622467,2.885339,1,1,0,0,0,1
0.088632,0.442798,0.127395,-84.648714,4.760137,2.634223,1.11421,1.328732,0.896742,1.031994,0.702222,0.786957,0.680357,0.615963,0.435266,0.551936,0.148252,0.41679,0.073213,11.216391,2.482447,1.485184,0.933507,0.662217,0.521061,0.44793,0.446726,0.413804,0.398513,0.450619,0.401092,0.399009,0.03328,0.118903,0.009326,4.520536,0.717237,0.335732,0.157099,0.14936,0.149863,0.165656,0.138559,0.10541,0.096563,0.095483,0.12171,0.10344,0.046914,0.032378,0.02441,3.897176,0.520857,0.320441,0.091216,0.112769,0.07482,0.074949,0.073349,0.057735,0.068087,0.086922,0.073932,0.056119,0.961703,64,1.121665,128,2,1.363866,1.18787,2.582441,0,1,0,0,0,0
0.064307,0.160953,0.089191,-74.909096,6.311891,0.336874,1.185565,0.765824,0.632464,0.357195,0.369065,0.448873,0.347034,0.527732,0.257826,0.529335,0.062133,0.206295,0.037328,6.167515,1.66304,1.263106,1.071688,1.020393,0.896055,0.743335,0.625,0.608769,0.55195,0.546677,0.490779,0.457051,0.024466,0.069486,0.009558,3.572664,0.683182,0.780995,0.520894,0.523674,0.473965,0.298254,0.284341,0.265422,0.1886,0.251175,0.245911,0.210369,0.043819,0.091658,0.030023,4.158394,0.430224,0.292073,0.24984,0.183673,0.208391,0.109178,0.104236,0.101983,0.090868,0.102515,0.091398,0.068021,0.024791,62,0.265578,124,2,0.054307,0.47151,0.538637,0,0,1,0,0,0
0.076866,0.180113,0.081437,-75.702341,3.271842,0.940611,1.82109,0.237869,1.083678,0.260604,0.587516,0.506778,0.37022,1.04258,0.45195,0.463493,0.042547,0.126936,0.030257,4.528805,0.920498,1.034331,0.556338,0.574149,0.474666,0.580043,0.643196,0.600301,0.822595,0.833424,0.749768,0.71106,0.026641,0.069675,0.007097,3.54657,0.515364,0.744976,0.251758,0.301768,0.221514,0.331916,0.432732,0.387992,0.488088,0.709719,0.532268,0.294358,0.023216,0.064285,0.030234,4.383599,0.262389,0.312966,0.119609,0.113151,0.085463,0.130649,0.148153,0.263949,0.296556,0.344459,0.226663,0.225677,0.121307,94,0.21486,188,2,0.1401,0.562735,1.255286,0,0,0,0,0,1
0.065095,0.122639,0.071758,-71.879563,5.626379,1.984911,0.97603,0.345941,0.902974,0.174475,0.748008,-0.193168,0.290674,0.515391,0.290293,0.425881,0.019409,0.072628,0.027325,1.844385,0.76293,0.562925,0.474547,0.472998,0.455755,0.420565,0.47385,0.471256,0.432833,0.401829,0.389945,0.391175,0.01587,0.056518,0.007558,1.757582,0.78365,0.622746,0.302886,0.402675,0.257309,0.315904,0.373752,0.32291,0.219183,0.184146,0.156734,0.194394,0.026141,0.059022,0.030824,4.472607,0.310948,0.177254,0.107299,0.098813,0.089819,0.087719,0.093929,0.084185,0.091393,0.084368,0.068557,0.067064,0.031821,81,0.012208,162,2,0.287588,0.300597,0.700615,0,0,1,1,0,0
0.071472,0.180823,0.087044,-64.174774,3.341259,-0.165425,1.033672,0.884562,0.977612,0.436842,0.513423,0.660604,0.588982,0.171085,0.424199,0.459121,0.051344,0.165588,0.033211,4.658191,1.125761,0.856573,0.861065,0.731949,0.549513,0.551497,0.558602,0.51421,0.495765,0.420292,0.431582,0.41982,0.022776,0.046433,0.007329,1.632537,0.443644,0.356602,0.256549,0.270666,0.215455,0.175285,0.190233,0.137234,0.246438,0.116877,0.122821,0.10563,0.025437,0.065964,0.029762,3.578083,0.180423,0.10778,0.153253,0.10248,0.083893,0.091508,0.075965,0.082381,0.121057,0.060051,0.062659,0.054947,0.298849,54,0.025,108,2,0.473268,0.025,0.511385,1,0,0,0,0,1
0.030595,0.534392,0.093574,-68.993246,2.56374,0.658132,1.776699,1.277034,0.516995,0.198301,0.614064,0.654117,0.596164,0.683188,0.501533,0.545467,0.038894,0.451502,0.036375,5.165737,2.018504,1.064008,0.666533,0.698047,0.596625,0.561818,0.487087,0.470625,0.429173,0.472067,0.460781,0.446695,0.018423,0.068245,0.0068,2.379514,0.567395,0.413336,0.205973,0.247688,0.202598,0.161552,0.145194,0.166048,0.156011,0.1957,0.159712,0.155282,0.029284,0.025335,0.028766,3.378085,0.278666,0.17274,0.104146,0.130362,0.086504,0.085375,0.076147,0.085114,0.079644,0.08552,0.093693,0.088744,0.367847,67,0.618572,134,2,0.583992,0.658488,1.335851,0,0,0,0,0,1
0.110138,0.29666,0.084798,-70.801039,2.747409,0.258451,1.52138,0.326265,0.677583,0.714383,0.799939,0.496232,0.375951,0.649341,0.580951,0.36228,0.056641,0.145393,0.030869,3.251412,0.889242,0.681881,0.631557,0.581846,0.552858,0.57547,0.571203,0.540258,0.496674,0.517994,0.495401,0.463442,0.023841,0.069344,0.007638,2.311733,0.644655,0.318655,0.22565,0.193117,0.180413,0.182739,0.15127,0.171059,0.176332,0.174332,0.14262,0.160093,0.023321,0.05862,0.030213,4.070579,0.213916,0.084461,0.09241,0.08753,0.082315,0.077966,0.087673,0.08051,0.075521,0.072585,0.062165,0.060935,0.529251,66,0.704535,132,2,0.772839,0.894108,1.686925,1,1,0,0,0,0
0.032184,0.062056,0.079228,-78.495456,8.145029,0.644827,1.569112,0.42164,1.051645,0.733475,0.538745,0.287647,0.505428,0.211305,0.525026,0.236589,0.016157,0.038099,0.032599,4.4709,1.060887,0.962915,0.646407,0.552967,0.522822,0.492502,0.448855,0.47649,0.473447,0.469775,0.503468,0.625659,0.017695,0.049232,0.009755,3.76421,0.968671,0.65781,0.504651,0.32534,0.264787,0.256721,0.216876,0.227261,0.3661,0.32855,0.38129,0.526837,0.027572,0.063565,0.029842,4.352684,0.479691,0.284428,0.161346,0.123684,0.114954,0.101062,0.090291,0.107984,0.152586,0.151234,0.144842,0.240027,0.049405,90,0.136509,180,2,0.167846,0.196406,0.672779,0,1,1,0,0,0
0.041702,0.087168,0.078882,-70.862368,7.893239,-1.29354,2.349911,0.751343,1.31306,0.686465,0.811028,0.816391,0.284486,0.93269,0.130367,0.646395,0.02108,0.057175,0.030044,3.578829,1.404586,0.76148,0.710409,0.534024,0.563149,0.505073,0.534513,0.473713,0.440736,0.485628,0.53492,0.454957,0.014325,0.036753,0.008857,3.034295,0.894143,0.528195,0.577136,0.295984,0.32417,0.296836,0.221089,0.2472,0.207489,0.369683,0.368465,0.31775,0.027864,0.056956,0.030115,4.217139,0.58034,0.234279,0.209987,0.139844,0.098898,0.119024,0.123752,0.138135,0.081774,0.125179,0.114717,0.108806,0.18478,57,0.285538,114,2,0.379583,0.423613,0.893542,0,0,1,1,1,0
0.068866,0.154983,0.087297,-72.647457,4.483975,0.052755,2.37475,0.745775,0.257333,0.681076,1.320491,0.702751,0.163937,0.083918,0.596515,0.299277,0.041592,0.1183,0.034277,4.449266,1.319212,1.266303,1.008222,0.756444,0.594816,0.538168,0.560698,0.483818,0.517195,0.508743,0.47571,0.463695,0.022025,0.039457,0.00717,2.565214,0.778887,0.63553,0.577205,0.482589,0.284413,0.228657,0.374248,0.28044,0.238483,0.299589,0.20421,0.280907,0.026279,0.065147,0.029489,4.046569,0.427996,0.321362,0.328802,0.152298,0.105228,0.113319,0.122838,0.114633,0.141201,0.097088,0.09706,0.077387,0.061361,67,0.516603,134,2,0.434334,0.567639,1.001973,0,1,1,0,0,0
0.07409,0.18607,0.077301,-60.397321,3.850498,0.092379,1.259821,0.328131,0.72007,0.507299,0.413618,0.529686,0.525029,0.489065,0.463174,0.252255,0.040786,0.118596,0.030625,2.195631,0.811006,0.71154,0.619494,0.535412,0.45549,0.502466,0.456906,0.440404,0.415108,0.414386,0.418074,0.39572,0.017892,0.045951,0.007345,1.684189,0.435598,0.284715,0.34971,0.243476,0.17039,0.266666,0.179984,0.167015,0.167379,0.16928,0.214783,0.130769,0.028663,0.064573,0.030358,3.863502,0.296043,0.215788,0.157193,0.11989,0.0744,0.095729,0.075211,0.077111,0.074591,0.064339,0.073669,0.074666,0.326196,65,0.122637,130,2,0.788558,0.255456,1.067177,1,1,0,0,0,0
0.04223,0.162502,0.091323,-70.836473,2.664215,0.866047,1.534706,0.673511,0.89135,0.51862,0.802764,0.679695,0.867446,1.146151,0.500947,0.343273,0.035129,0.227921,0.040764,5.453331,1.148239,1.270971,0.957012,0.679229,0.660372,0.593494,0.542989,0.574186,0.537245,0.577688,0.480167,0.480176,0.014959,0.041328,0.005963,2.798244,0.376185,0.442833,0.408539,0.22632,0.289172,0.20737,0.184967,0.1942,0.116807,0.216357,0.11869,0.155256,0.02319,0.055201,0.028634,3.471837,0.171379,0.242177,0.165807,0.12777,0.115026,0.099238,0.102051,0.092193,0.064745,0.123272,0.067683,0.076489,0.04951,56,0.073169,112,2,0.242157,0.1082,0.350356,1,0,0,0,0,1
0.101589,0.374552,0.096043,-69.235643,2.014852,0.969012,1.118819,0.886949,1.035053,0.687012,1.081642,0.679464,0.785798,0.794364,0.421512,0.405698,0.079721,0.294888,0.042347,5.696388,1.284048,0.951477,0.707755,0.621289,0.584614,0.613977,0.589187,0.545655,0.484574,0.543174,0.473393,0.470964,0.018285,0.049315,0.007801,1.903621,0.335999,0.212574,0.191256,0.145209,0.16169,0.149446,0.184289,0.168296,0.1121,0.141928,0.097059,0.168179,0.017352,0.038663,0.028147,3.677299,0.237812,0.182787,0.094265,0.063535,0.059813,0.081115,0.047119,0.079828,0.075063,0.049244,0.064272,0.061126,0.695543,68,0.743598,136,2,0.72066,0.856705,1.632007,0,1,0,0,0,0
0.078378,0.19796,0.077258,-59.286443,3.674146,0.686194,1.561411,0.641371,0.365388,0.477281,0.532947,0.410174,0.598164,0.486294,0.503497,0.523995,0.031614,0.10504,0.028957,2.016933,0.647573,0.702107,0.567091,0.455744,0.461867,0.468794,0.443342,0.428984,0.444477,0.374951,0.406827,0.397314,0.022355,0.064647,0.009261,1.268314,0.583806,0.361051,0.340469,0.203462,0.278197,0.194457,0.2013,0.183297,0.128281,0.137776,0.164585,0.127786,0.024285,0.056743,0.030628,3.839579,0.280173,0.179921,0.145908,0.091791,0.090948,0.085474,0.07053,0.063608,0.081223,0.067117,0.061803,0.075419,0.250584,74,0.414649,148,2,0.403498,0.107992,1.091837,1,0,0,0,1,0
0.039865,0.071602,0.078281,-73.234002,6.275505,1.270865,1.9349,0.452855,1.261385,0.070157,0.229627,0.942958,0.490969,0.607195,0.565214,0.604065,0.030987,0.075756,0.030094,3.151661,1.27313,0.875994,0.709834,0.631925,0.658223,0.620345,0.527849,0.637823,0.527243,0.513415,0.468991,0.473694,0.018295,0.03995,0.008323,3.380073,1.047778,0.487532,0.541185,0.250353,0.433872,0.391585,0.303176,0.408494,0.278516,0.254877,0.304656,0.322022,0.036388,0.067788,0.030344,3.960338,0.456958,0.31385,0.18756,0.186988,0.196363,0.139044,0.097349,0.183004,0.114725,0.116139,0.108056,0.098274,0.18505,87,0.059037,174,2,0.479219,0.078619,0.911228,0,0,1,1,1,0
0.088608,0.223232,0.092032,-65.629025,4.076591,-0.330496,1.5788,0.310146,-0.092158,0.272939,0.041068,0.496756,0.342566,0.383994,0.386517,0.571146,0.064492,0.206557,0.036449,5.690884,1.422977,1.240779,1.208541,1.01928,0.874626,0.790159,0.745746,0.69289,0.715632,0.550686,0.579723,0.581675,0.033293,0.04856,0.007681,2.036534,0.462776,0.567187,0.587768,0.490388,0.385053,0.286683,0.270719,0.264855,0.273849,0.198472,0.247862,0.333028,0.034816,0.084403,0.02906,3.583016,0.30316,0.270042,0.203006,0.269772,0.175428,0.176565,0.159396,0.139216,0.155692,0.095239,0.086577,0.138448,0.118814,53,0.152085,106,2,0.3945,0.3884,0.953621,0,1,1,0,0,0
0.172193,0.515556,0.089991,-72.913644,1.839893,2.3116,0.980418,0.896726,0.706043,0.739761,0.62222,0.594586,0.624585,0.731637,0.700483,0.768523,0.1599,0.34299,0.038401,5.523867,1.196629,0.899613,0.723126,0.614533,0.631685,0.550456,0.494176,0.409218,0.436863,0.473839,0.435852,0.442066,0.015073,0.052396,0.009211,2.807559,0.337401,0.582221,0.210018,0.172792,0.195232,0.182886,0.189635,0.174457,0.158386,0.174415,0.157288,0.195708,0.021006,0.025326,0.028731,3.800043,0.304576,0.219087,0.109618,0.110615,0.117529,0.082431,0.088943,0.056797,0.062861,0.08692,0.07368,0.052369,1.598533,66,1.563273,132,2,1.67105,1.646543,3.331277,1,1,0,0,0,0
0.061831,0.257735,0.084084,-73.030595,3.85412,0.788171,2.329825,0.863523,0.276971,0.762293,0.274085,0.996234,0.399103,0.535078,0.314753,0.466096,0.064743,0.283153,0.039713,6.456402,1.182431,1.168721,1.163386,0.894872,0.694175,0.554455,0.625552,0.53043,0.495554,0.42272,0.435858,0.418568,0.025319,0.129016,0.007522,4.011674,0.65404,0.538429,0.521353,0.431563,0.297444,0.265877,0.293552,0.254794,0.245592,0.157134,0.200926,0.211679,0.035153,0.093316,0.030034,3.980966,0.385927,0.253973,0.30998,0.214431,0.134541,0.11133,0.143163,0.110303,0.091207,0.065297,0.090357,0.079465,0.016745,100,0,200,2,0.023449,0.068106,0.269238,0,1,1,0,0,0
0.032045,0.047759,0.076592,-83.37137,8.971076,2.593695,1.825435,0.912541,1.024318,0.453092,0.411699,0.64458,0.308909,0.38194,0.405772,0.631474,0.014327,0.027444,0.030467,3.261876,1.041111,0.781059,0.713756,0.539933,0.527725,0.453581,0.585361,0.487542,0.510306,0.430167,0.373601,0.419561,0.018146,0.039572,0.008213,5.483201,0.927728,1.142149,0.789423,0.684097,0.41623,0.302035,0.407078,0.5416,0.371732,0.251423,0.348424,0.394106,0.029516,0.063912,0.030303,4.585754,0.542942,0.279776,0.449636,0.217284,0.151118,0.129696,0.202411,0.161669,0.13254,0.11611,0.081739,0.098998,0.089957,57,0,171,3,0.328762,0.058,0.399818,0,0,1,1,1,0
0.065638,0.158006,0.097638,-77.000707,5.687506,0.379732,2.916244,-0.171923,1.345445,-0.059337,0.921229,0.281923,0.313709,0.717198,0.492632,0.252461,0.042792,0.13639,0.0442,7.572471,2.09619,1.164099,1.073238,0.926317,0.711715,0.676896,0.610994,0.550972,0.554795,0.512648,0.520024,0.493291,0.02622,0.0637,0.009728,5.920752,1.179618,0.969687,1.085658,0.712796,0.43583,0.581749,0.514683,0.387985,0.445773,0.327104,0.359547,0.414408,0.024988,0.091149,0.028582,4.13078,0.584254,0.311726,0.292721,0.286103,0.151692,0.156483,0.179715,0.116174,0.161074,0.113254,0.146377,0.165476,0.069768,52,0.098127,156,3,0.251773,0.090085,0.545423,0,1,1,0,0,0
0.133877,0.325387,0.097055,-68.268806,3.463623,0.126829,2.049976,0.337017,0.391025,0.590258,0.275235,0.485403,0.164968,0.577025,0.278454,0.451434,0.124077,0.276532,0.038831,6.671666,2.298116,1.824233,1.240323,1.121843,0.853734,0.779467,0.870778,0.581799,0.728113,0.589677,0.577047,0.554272,0.038263,0.07391,0.009728,2.386306,0.612293,0.558472,0.502341,0.353533,0.379086,0.274432,0.240346,0.151401,0.224305,0.145073,0.154222,0.188222,0.050498,0.05957,0.029413,4.066258,0.537758,0.4168,0.31826,0.220028,0.156804,0.166672,0.130818,0.08158,0.12493,0.098846,0.091893,0.105163,0.014879,59,0.208767,118,2,0.119513,0.254687,0.503212,0,0,0,0,0,1
0.060728,0.151699,0.095764,-71.537423,4.569557,1.670262,1.670072,0.301721,0.503023,0.663086,0.37139,0.780623,0.557593,0.863158,0.343242,0.637607,0.067438,0.207137,0.041771,5.832003,1.79327,1.394248,1.085709,1.120215,0.730528,0.597298,0.635386,0.593631,0.616045,0.523114,0.490252,0.494859,0.022343,0.059949,0.007668,3.175582,0.61974,0.634598,0.452867,0.401002,0.308779,0.208239,0.210019,0.229722,0.198361,0.141138,0.150772,0.170732,0.037744,0.072544,0.028684,3.501216,0.382038,0.38556,0.194945,0.265742,0.120531,0.093102,0.0944,0.103691,0.141146,0.077882,0.095407,0.082264,0.153827,63,0.080904,189,3,0.343781,0,0.766466,1,0,0,0,0,1
0.10152,0.244333,0.09269,-66.508272,4.213296,0.53928,1.117681,0.715445,0.297097,0.566385,0.170705,0.673489,0.386875,0.68155,0.234864,0.504835,0.092606,0.252098,0.036972,4.29293,1.218437,1.107748,1.117365,0.838215,0.738958,0.641611,0.650793,0.584962,0.536638,0.525661,0.531102,0.519254,0.036334,0.064695,0.008793,2.027619,0.435192,0.542599,0.47091,0.293856,0.266276,0.238224,0.284305,0.220439,0.203979,0.227186,0.242969,0.233346,0.042364,0.066461,0.028997,3.730856,0.315186,0.254323,0.205646,0.139384,0.106439,0.126229,0.139581,0.093051,0.083166,0.072316,0.086347,0.076591,0.141854,98,0.016314,196,2,0.103104,0.222081,0.365776,0,0,0,0,0,1
0.043511,0.107128,0.090726,-71.939959,6.32713,1.276947,1.515848,0.117224,0.423398,0.283141,0.520543,0.86479,0.195424,0.707521,0.097329,0.523405,0.033232,0.145683,0.033888,4.69691,2.215324,1.39746,1.070614,0.93134,0.699172,0.662259,0.605626,0.610701,0.750352,0.620659,0.53109,0.500805,0.020397,0.053519,0.007181,2.747723,0.781466,0.543543,0.38372,0.375914,0.305383,0.263264,0.202097,0.242307,0.272836,0.274875,0.197455,0.161415,0.028472,0.077536,0.029495,3.70144,0.519896,0.26541,0.180535,0.223078,0.115846,0.099333,0.099517,0.100401,0.121684,0.118797,0.092125,0.064043,0.044831,102,0,204,2,0.138391,0.151616,0.52554,0,0,1,0,1,1
0.092565,0.31292,0.085962,-69.077208,2.639976,1.564388,1.576656,0.255043,0.955882,0.587556,0.423435,0.520499,0.40651,0.554551,0.31633,0.321789,0.084952,0.281762,0.032662,5.498476,1.505243,0.990168,1.078498,0.95629,0.624933,0.591018,0.647529,0.531299,0.585403,0.546337,0.511499,0.511172,0.026462,0.067844,0.007887,2.361893,0.579488,0.626683,0.411554,0.407856,0.199635,0.265587,0.211859,0.235174,0.220972,0.192332,0.176956,0.175724,0.035017,0.077664,0.029688,3.714091,0.406592,0.252498,0.246138,0.186199,0.120267,0.102217,0.119625,0.090132,0.085782,0.105026,0.095775,0.083248,0.312616,64,0.034558,192,3,0.481622,0.262755,0.832237,0,0,0,0,0,1
0.066195,0.249215,0.095474,-69.161298,4.044207,0.848744,1.913779,0.854018,0.605869,1.372892,0.29315,0.649815,0.401037,0.357193,0.639066,0.50236,0.061662,0.269201,0.041896,6.725019,1.875562,1.654084,1.247676,0.978868,0.729756,0.779347,0.729334,0.561947,0.555029,0.524957,0.540929,0.48829,0.022622,0.086512,0.008202,2.102253,0.634904,0.577433,0.497668,0.421028,0.242432,0.245582,0.282903,0.15944,0.244692,0.203093,0.190969,0.162963,0.030677,0.080235,0.029131,3.511324,0.355436,0.36741,0.27393,0.176317,0.142471,0.133551,0.145434,0.106442,0.088716,0.106131,0.113059,0.081495,0.062078,57,0.038372,171,3,0.211575,0.030184,0.386514,1,0,0,0,0,1
0.039839,0.249803,0.086075,-74.543331,4.228762,2.323832,0.90638,0.836521,1.100494,0.663933,1.183798,1.405788,0.824725,0.406794,-0.040397,0.954792,0.045261,0.367799,0.039514,6.301949,1.991959,1.069966,0.557833,0.398908,0.45761,0.357215,0.383447,0.339832,0.371945,0.342047,0.342326,0.396909,0.015158,0.058554,0.008859,4.656899,0.744053,0.289551,0.319484,0.073724,0.100599,0.099655,0.148686,0.125591,0.107227,0.070525,0.096737,0.108203,0.023905,0.047971,0.029245,4.064794,0.406614,0.084178,0.14753,0.08766,0.060687,0.074983,0.080016,0.062617,0.058065,0.043098,0.044086,0.056569,0.294916,69,0.546208,138,2,0.369079,0.620887,1.195642,1,0,0,0,0,1
0.046869,0.080756,0.073406,-73.486406,7.845914,0.302147,2.261804,0.437562,0.742306,0.332098,0.223487,0.738607,0.195169,-0.126377,0.262655,-0.129515,0.015721,0.037363,0.027691,3.146405,0.865926,0.574015,0.494194,0.497723,0.432532,0.421744,0.417842,0.477084,0.430236,0.454335,0.462012,0.488217,0.019227,0.057517,0.008635,3.658667,1.224154,0.537926,0.417075,0.562576,0.374733,0.386291,0.576923,0.611471,0.548353,0.525709,0.637871,0.671418,0.02675,0.063667,0.030537,4.234182,0.435429,0.213808,0.148254,0.146155,0.099269,0.114765,0.127566,0.156413,0.109593,0.187178,0.169512,0.248237,0.091379,65,0.085004,195,3,0.262402,0.368264,1.140646,0,0,1,1,1,0
0.040085,0.086414,0.081994,-78.059109,5.621746,1.946346,1.926829,0.583426,1.29913,0.824114,0.705927,0.903004,0.553409,0.663556,0.338971,0.520724,0.037389,0.125881,0.03444,5.926856,1.64092,1.108872,1.083726,0.866501,0.605456,0.651902,0.558787,0.511588,0.516501,0.514934,0.45667,0.431313,0.020073,0.05237,0.007079,4.789096,1.061585,0.833125,0.836152,0.611055,0.37649,0.280624,0.361801,0.250112,0.252165,0.223032,0.305699,0.211704,0.036197,0.078652,0.029891,4.389186,0.596422,0.330237,0.38285,0.333115,0.128244,0.180087,0.181135,0.135578,0.152238,0.119516,0.109664,0.11042,0.074931,54,0.024563,108,2,0.49939,0.095176,0.625002,0,0,1,1,1,0
0.088597,0.194779,0.081021,-78.10209,5.130189,-0.90274,2.703565,-0.468024,1.248845,0.226696,0.04589,0.777335,0.932453,0.656334,0.572872,0.334509,0.036337,0.080756,0.030857,5.333882,1.154054,0.829719,0.973865,0.794322,0.571059,0.637923,0.61215,0.633534,0.675773,0.496702,0.544494,0.534238,0.02792,0.059675,0.007055,4.41978,0.686331,0.569527,0.692048,0.434448,0.377614,0.462969,0.339998,0.466472,0.583547,0.26952,0.374384,0.383937,0.02287,0.047385,0.030233,4.484561,0.316823,0.202201,0.255193,0.186118,0.1145,0.144869,0.121227,0.173064,0.147802,0.102073,0.153427,0.133456,0.033073,90,0.04571,180,2,0.157624,0.228093,0.837922,0,0,1,0,1,0
0.104071,0.333477,0.09354,-63.441034,4.320126,-0.465454,0.191738,0.58209,0.512324,0.044908,0.63953,0.560989,0.063917,0.190157,0.353222,0.676259,0.089746,0.292401,0.042792,4.801862,1.644142,1.041799,0.710095,0.616406,0.516517,0.435783,0.456068,0.409481,0.420454,0.461796,0.456102,0.4059,0.013382,0.05656,0.008265,1.227223,0.294263,0.329828,0.233534,0.130853,0.160026,0.113516,0.166206,0.106728,0.177327,0.215539,0.18066,0.122252,0.018052,0.033675,0.028394,4.197086,0.226537,0.158279,0.139728,0.077606,0.09444,0.079111,0.066144,0.060981,0.059751,0.068108,0.067838,0.045097,1.510425,67,0.313855,134,2,1.638229,0.313855,1.952084,1,1,0,0,0,0
0.118839,0.484238,0.123137,-74.269998,2.010431,1.608652,1.369578,1.270624,0.965779,0.689452,0.843093,0.775832,0.647296,0.58152,0.537832,0.640318,0.107317,0.331465,0.070955,9.395944,2.475153,1.505338,1.042217,0.80927,0.640839,0.610799,0.482825,0.490022,0.450424,0.418681,0.449209,0.400854,0.07953,0.137729,0.019001,5.844567,1.030441,0.792157,0.533265,0.425232,0.245601,0.365417,0.166667,0.17481,0.187553,0.217617,0.192457,0.150415,0.05967,0.058314,0.029034,3.657071,0.60442,0.271203,0.238419,0.237358,0.089466,0.14313,0.10653,0.113606,0.104325,0.124576,0.120041,0.095983,0.838998,65,0.849094,130,2,0.993583,0.849094,1.842677,0,1,0,0,1,0
0.06488,0.226548,0.085003,-68.463418,3.08694,0.149376,1.946866,0.506494,0.644724,0.4517,0.465752,0.594159,0.56208,0.704696,0.792605,0.613684,0.048445,0.238844,0.031586,5.835079,1.277085,0.967929,0.839978,0.812374,0.605698,0.595178,0.528093,0.489219,0.501192,0.486915,0.462412,0.499474,0.017815,0.060252,0.009475,3.435518,0.474733,0.566537,0.452784,0.356361,0.3031,0.283414,0.191792,0.141832,0.168521,0.160039,0.231435,0.187729,0.023693,0.088073,0.029422,3.629047,0.248296,0.194667,0.240672,0.198395,0.1516,0.1043,0.105381,0.070084,0.094726,0.076068,0.065026,0.0744,0.143526,55,0,110,2,0.509343,0.134587,0.655636,0,0,0,0,1,1
0.074872,0.15859,0.092338,-68.01072,4.642338,0.040838,0.493437,0.943812,0.563324,0.771866,0.230885,0.401122,0.410532,0.690879,0.635403,0.262308,0.06358,0.161764,0.041647,4.931502,1.33828,1.214724,0.908446,0.713689,0.842533,0.6278,0.606197,0.701569,0.652815,0.581865,0.488198,0.469252,0.022277,0.05633,0.00724,3.566675,0.882141,0.933445,0.59469,0.447696,0.572882,0.399678,0.339569,0.462816,0.40442,0.243459,0.239914,0.22001,0.030824,0.062463,0.028784,4.001759,0.357251,0.326672,0.257393,0.157835,0.227399,0.148103,0.120762,0.213784,0.204264,0.126977,0.101109,0.066312,0.634579,68,1.232933,136,2,0.952242,1.232933,2.185176,0,1,1,0,0,0
0.047277,0.082688,0.077634,-72.577129,8.404411,-0.169213,1.309338,0.347541,0.656527,0.558859,0.355602,0.509546,0.399621,0.242203,0.438252,0.15003,0.015808,0.032749,0.028634,2.451823,0.797834,0.671193,0.572791,0.532889,0.49041,0.452732,0.478199,0.438607,0.414932,0.429642,0.462112,0.502423,0.014348,0.02887,0.008515,2.631576,0.616565,0.428542,0.318607,0.342982,0.350618,0.234429,0.226529,0.198249,0.193989,0.214196,0.195453,0.177951,0.025841,0.05304,0.030133,4.082697,0.445142,0.124085,0.116148,0.10472,0.08969,0.062201,0.073791,0.071706,0.05599,0.081515,0.078474,0.070219,0.066972,72,0.073609,144,2,0.29969,0.221671,0.845115,0,0,1,1,0,0
0.029371,0.108221,0.0758,-80.774224,10.888936,0.538926,1.521604,1.19669,0.939025,0.519524,0.670294,0.691004,0.459279,0.287312,0.456869,0.402655,0.010834,0.08036,0.034776,3.75075,0.961263,0.733579,0.521234,0.435905,0.398196,0.387361,0.415185,0.404253,0.376699,0.395447,0.377894,0.341621,0.014399,0.180275,0.007807,5.10797,1.879965,1.066518,0.392434,0.531768,0.31992,0.248148,0.378862,0.346831,0.241458,0.2631,0.392402,0.345281,0.028195,0.146787,0.029572,4.768659,0.527863,0.296981,0.142991,0.15105,0.118641,0.090607,0.116093,0.120842,0.098587,0.108461,0.121589,0.090832,0.008398,81,0.008943,162,2,0.072465,0.018442,0.099851,0,0,1,1,1,0
0.029734,0.050096,0.076935,-72.723537,7.965135,-0.53466,2.529736,0.525686,1.573721,1.335123,0.796928,0.461046,0.64369,0.925769,0.239679,0.787538,0.01453,0.045541,0.031138,2.951091,1.15433,0.674607,0.601903,0.547123,0.522569,0.578496,0.505095,0.495024,0.46185,0.440116,0.502836,0.404328,0.011944,0.041159,0.007141,2.125653,0.649129,0.586734,0.450784,0.310785,0.341926,0.391913,0.328958,0.35496,0.291142,0.200243,0.320826,0.256068,0.028421,0.063245,0.029912,4.528038,0.52298,0.293496,0.160544,0.107876,0.113302,0.117868,0.107878,0.120821,0.08109,0.090506,0.119319,0.070217,0.211537,91,0.132495,182,2,0.138138,0.452404,1.001798,0,0,1,1,1,0
0.083939,0.177467,0.089385,-72.410747,2.255514,0.054667,2.435505,0.732674,1.336346,0.40242,1.054842,0.604162,0.722138,0.728284,0.754793,0.697412,0.07706,0.172464,0.037335,6.643614,1.514002,1.361619,1.010538,0.919305,0.744576,0.772839,0.561571,0.616307,0.566418,0.535821,0.54069,0.48635,0.024809,0.057799,0.008391,3.772378,1.011833,0.667733,0.499934,0.515233,0.27936,0.364254,0.207068,0.362499,0.246194,0.297993,0.244886,0.127103,0.026469,0.055763,0.028966,3.905412,0.477964,0.375195,0.33267,0.292092,0.137601,0.162369,0.1119,0.128373,0.114705,0.106375,0.106469,0.078675,0.123782,52,0,104,2,0.220604,0,0.220604,1,0,0,0,0,1
0.068161,0.144386,0.091536,-75.532381,4.584341,-0.062341,2.112233,0.397187,0.169292,0.364107,1.405861,0.786084,0.220797,0.285969,0.477625,0.559279,0.048554,0.108936,0.040864,4.537112,1.157751,1.136499,0.972236,0.779752,0.71635,0.570142,0.542884,0.538758,0.490805,0.49358,0.509813,0.445482,0.023514,0.05063,0.008607,3.781293,0.769183,0.690241,0.776198,0.571944,0.48941,0.249658,0.425174,0.357752,0.36562,0.300972,0.278241,0.292104,0.031621,0.062013,0.029121,4.087316,0.337903,0.315752,0.259715,0.213764,0.15352,0.123035,0.103996,0.108707,0.082696,0.094844,0.109482,0.074347,0.307725,70,0.443281,140,2,0.542302,0.556348,1.143828,0,0,1,0,0,0
0.028436,0.096746,0.077945,-84.288328,5.70336,2.895177,1.706145,1.409593,0.59117,0.114055,0.203401,0.442141,0.581783,0.494387,0.461318,0.626365,0.019001,0.154616,0.029727,5.140994,1.194132,1.032862,0.570465,0.563122,0.455416,0.459495,0.479267,0.391717,0.39412,0.422575,0.413088,0.423066,0.017879,0.091915,0.007711,3.738662,0.704898,0.555971,0.317135,0.34095,0.229335,0.245822,0.241932,0.150291,0.127279,0.153997,0.186965,0.228121,0.026624,0.146208,0.030184,4.416312,0.365383,0.243952,0.106632,0.135326,0.080738,0.070891,0.092705,0.058662,0.07993,0.110914,0.08666,0.088999,0.084419,76,0.515134,152,2,0.423925,0,1.19975,0,0,1,1,1,0
0.061783,0.276007,0.096884,-77.047992,4.105681,0.817239,2.240627,0.219947,0.493088,0.70843,0.451084,0.919583,0.476419,0.563828,0.568076,0.376735,0.065891,0.312865,0.045252,7.027483,1.561032,1.509863,1.181333,0.830715,0.737485,0.64486,0.62976,0.558554,0.455355,0.443474,0.453492,0.420936,0.037574,0.126607,0.006667,3.119159,0.818706,0.668385,0.60251,0.41881,0.338367,0.312389,0.464087,0.339075,0.230495,0.252981,0.231706,0.172441,0.045132,0.091857,0.028625,3.951593,0.399315,0.384046,0.296737,0.252562,0.176768,0.125,0.17693,0.131281,0.086722,0.084682,0.103089,0.078608,0.13372,90,0.19583,180,2,0.389352,0.012057,0.72834,0,1,1,0,0,0
0.096718,0.411587,0.097933,-72.28475,2.465583,1.290684,1.635215,0.901723,0.786447,0.980582,0.977885,0.363846,0.749967,0.677266,0.384874,0.494527,0.09018,0.321321,0.041659,6.263426,1.687317,1.335092,1.014498,0.704115,0.613809,0.553621,0.520131,0.449562,0.443457,0.409886,0.402615,0.38248,0.020872,0.089735,0.007564,2.132924,0.711521,0.449123,0.254505,0.182479,0.209303,0.108125,0.120901,0.107711,0.124554,0.067617,0.096933,0.069655,0.022539,0.052091,0.028453,3.676774,0.266469,0.217248,0.120928,0.076213,0.071101,0.060299,0.06273,0.049372,0.050217,0.040028,0.052998,0.044109,0.967686,66,0.840347,132,2,1.102323,1.088424,2.354439,1,0,0,0,0,1
0.085392,0.225337,0.079046,-60.562622,3.522214,0.160625,1.970481,0.26932,0.346219,0.45408,0.599645,0.504321,0.365992,0.471376,0.440971,0.488921,0.048085,0.134873,0.030394,2.511825,1.179334,0.862401,0.791659,0.608547,0.491619,0.517189,0.50479,0.43462,0.476708,0.458436,0.435741,0.429183,0.029672,0.070522,0.007709,1.766723,0.619383,0.470396,0.484272,0.285784,0.272728,0.255729,0.308821,0.210466,0.287415,0.222859,0.218773,0.201734,0.028204,0.058951,0.030521,3.778153,0.31254,0.154011,0.196941,0.119555,0.102306,0.101876,0.105643,0.096319,0.088308,0.087757,0.07559,0.067545,0.082129,64,0.24453,128,2,0.354167,0.246193,0.60036,0,0,0,0,1,0
0.09441,0.236249,0.09369,-69.743761,3.080256,2.12768,2.61666,1.231063,0.955406,0.689613,0.45685,0.265578,0.138285,0.007397,0.333076,0.751567,0.059315,0.181092,0.038064,4.030022,1.158172,0.85543,0.724205,0.628535,0.544205,0.497238,0.470332,0.450142,0.468595,0.429762,0.397418,0.453236,0.069687,0.189653,0.008399,2.665696,0.854867,0.675354,0.459358,0.387298,0.221744,0.221745,0.284451,0.281527,0.257059,0.249996,0.173112,0.226067,0.028776,0.051231,0.029582,3.652307,0.371322,0.139323,0.102474,0.090508,0.094535,0.068528,0.074367,0.077987,0.073865,0.050009,0.043739,0.056056,0.072297,68,0.036566,136,2,0.238555,0.485665,1.071412,1,0,0,0,0,1
0.080581,0.206185,0.090765,-75.192376,4.48941,0.667208,1.3327,0.618657,0.835212,0.787321,0.544161,0.564393,0.474425,0.5109,0.682413,0.592409,0.078625,0.224187,0.036065,5.994878,1.331352,1.049547,1.136245,0.809558,0.71158,0.689121,0.625577,0.53991,0.59064,0.482625,0.491527,0.482738,0.037383,0.085589,0.009668,3.789926,0.730044,0.584462,0.581667,0.397468,0.311818,0.556136,0.203421,0.265274,0.384715,0.154547,0.293931,0.225234,0.054558,0.089495,0.029393,4.25466,0.466067,0.268981,0.351584,0.223318,0.156694,0.156439,0.128527,0.096254,0.119643,0.093315,0.101994,0.077506,0.176495,68,0.124188,136,2,0.664626,0.146477,0.811103,0,0,0,0,0,1
0.088223,0.156644,0.082247,-74.329536,5.929392,-0.72888,1.497519,-0.131672,0.722617,0.040061,0.537981,0.309143,0.552515,0.557208,0.31439,0.089344,0.025013,0.055346,0.029294,3.156435,1.074314,0.651408,0.650403,0.586109,0.579559,0.610533,0.591217,0.61386,0.585408,0.608153,0.610518,0.573396,0.021784,0.049309,0.008531,5.025693,1.037012,0.614205,0.468471,0.495272,0.705817,0.6403,0.39876,0.831677,0.61581,0.55094,0.615501,0.400219,0.026633,0.054404,0.030039,4.269719,0.41617,0.162141,0.184045,0.16703,0.169738,0.193166,0.138896,0.155219,0.133502,0.200619,0.170744,0.156193,0.039697,67,0.167071,134,2,0.295711,0.268653,0.644027,1,1,1,0,0,0
0.047676,0.117463,0.074581,-97.510495,8.310384,-0.197825,2.046647,1.489265,1.284378,0.408218,0.77254,1.084388,0.773262,0.224806,0.53774,0.464553,0.015916,0.055107,0.028271,3.325592,0.848909,0.525769,0.496151,0.483889,0.456941,0.446666,0.461113,0.455344,0.412647,0.448634,0.406489,0.428396,0.026047,0.094375,0.007759,10.969816,1.284737,0.728622,0.333077,0.492375,0.278905,0.790284,0.346603,0.624574,0.280985,0.421318,0.211982,0.307468,0.026755,0.115194,0.030085,5.502967,0.553285,0.150968,0.135167,0.17792,0.089391,0.092717,0.134184,0.119945,0.06533,0.110074,0.085737,0.083473,0.061409,84,0,168,2,0.225884,0.188141,0.681908,1,0,1,0,0,0
0.075896,0.167156,0.090672,-67.317107,5.100871,1.57271,2.227846,0.577227,0.235956,0.575726,0.379162,0.266641,0.145314,0.334082,0.302214,0.168333,0.067916,0.179681,0.035275,5.630262,1.860124,1.523159,1.234465,0.953186,0.870482,0.731721,0.677902,0.624092,0.630562,0.589615,0.552983,0.5667,0.02786,0.061216,0.007128,2.797215,0.695634,0.504285,0.653449,0.470084,0.378302,0.301137,0.360177,0.307611,0.271439,0.231329,0.22797,0.298024,0.039348,0.066673,0.029392,4.788774,0.490175,0.327198,0.239373,0.240131,0.208534,0.124835,0.151332,0.105602,0.101677,0.097737,0.094896,0.081371,0.067724,71,0,213,3,0.278798,0.068072,0.50348,0,0,1,0,1,1
0.076382,0.143003,0.084506,-79.021975,6.278864,-0.491294,1.835204,0.185194,0.852797,0.575641,0.805313,0.282275,0.414822,0.527308,0.181813,-0.039002,0.024459,0.055851,0.030561,4.165478,1.053732,0.634777,0.620472,0.561762,0.561165,0.534132,0.601247,0.616631,0.607051,0.640538,0.585664,0.56594,0.028857,0.054313,0.008712,8.479161,1.466266,0.50755,0.456653,0.403059,0.397553,0.42199,0.612432,0.736857,0.491809,0.735642,0.497091,0.397987,0.026825,0.053372,0.029727,4.715678,0.601846,0.200849,0.148911,0.115714,0.112407,0.09928,0.152094,0.158778,0.150541,0.18019,0.158101,0.143568,0.052313,74,0.186366,148,2,0.303492,0.321585,1.05614,0,1,1,0,0,0
0.065836,0.165511,0.089585,-71.043471,4.681551,-0.540461,1.500811,0.330204,1.051206,0.375939,0.604523,0.638359,0.413949,0.337998,0.680299,0.315392,0.040271,0.151145,0.039143,5.925295,1.381845,1.088151,1.127575,0.820951,0.715579,0.626937,0.646143,0.650701,0.56098,0.494347,0.514868,0.501819,0.020037,0.036555,0.006947,3.092137,0.826016,0.645828,0.717799,0.454782,0.37913,0.235784,0.422989,0.319252,0.233472,0.25163,0.215446,0.222383,0.020662,0.054446,0.029568,4.129074,0.370953,0.252984,0.291808,0.189896,0.130919,0.125531,0.180703,0.152228,0.110902,0.109857,0.090744,0.115461,0.120341,84,0.371029,168,2,0.321914,0.001466,0.857912,0,1,1,0,0,0
0.125297,0.393485,0.103872,-77.419126,2.891618,0.734992,1.958153,1.39115,0.594176,0.980179,0.626074,0.800057,0.46811,0.374877,0.390975,0.311095,0.123551,0.323191,0.048882,9.205739,2.364199,1.704923,1.373682,0.961089,1.013231,0.803248,0.719547,0.654181,0.697944,0.573798,0.533195,0.581603,0.067148,0.100063,0.00893,3.549451,0.722846,0.527973,0.633865,0.376039,0.292395,0.30243,0.19289,0.231435,0.264102,0.168268,0.200763,0.150009,0.062547,0.086616,0.028177,3.44041,0.481627,0.22757,0.261019,0.194271,0.169944,0.143526,0.128495,0.140578,0.116294,0.090053,0.090702,0.099359,0.936644,93,0,186,2,0,1.035425,1.043695,0,0,0,0,0,1
0.095814,0.263647,0.100987,-69.122912,4.01499,2.172354,0.97536,0.512699,0.894028,0.815181,0.352697,0.387909,0.639317,0.867782,0.148967,-0.00626,0.083836,0.257248,0.043123,5.664704,1.839648,1.107302,1.078899,0.981348,0.772816,0.708669,0.741921,0.639912,0.797841,0.633604,0.572918,0.556736,0.024486,0.06006,0.007637,1.747477,0.544913,0.511349,0.504862,0.632898,0.568053,0.405648,0.404473,0.44676,0.396324,0.34694,0.316327,0.191489,0.031998,0.054035,0.027972,3.794899,0.344798,0.213183,0.184395,0.231321,0.179723,0.124271,0.163186,0.11504,0.166675,0.144735,0.117223,0.089629,0.144292,75,0.024719,150,2,0.397492,0.554649,1.256742,0,0,0,0,0,1
0.070826,0.307189,0.089427,-66.021677,2.907091,0.665645,1.454806,0.23868,0.932339,0.537154,0.369033,0.173962,0.372966,0.373026,0.60698,0.582067,0.064047,0.30868,0.036345,5.102558,1.561631,1.049105,0.975135,0.959493,0.721634,0.711445,0.731904,0.592227,0.583604,0.61876,0.529857,0.502484,0.031655,0.090254,0.009357,2.407654,0.520637,0.586734,0.349551,0.394236,0.237926,0.292538,0.279147,0.166736,0.170526,0.16887,0.130105,0.177857,0.039805,0.072122,0.029551,3.550855,0.359024,0.244085,0.232772,0.221668,0.149167,0.134573,0.136176,0.110073,0.100991,0.097185,0.082515,0.080753,0.278203,54,0.286156,108,2,0.466891,0.288669,1.058043,0,0,0,0,0,1
0.015754,0.287126,0.090862,-79.346168,7.000784,1.585092,1.275982,0.697591,0.872735,0.613072,1.226897,1.342047,0.899802,0.339871,0.262839,0.784792,0.014039,0.430221,0.048102,7.632067,1.484611,0.943002,0.452744,0.343973,0.41551,0.335192,0.322271,0.329776,0.310128,0.350607,0.302748,0.298141,0.013925,0.049208,0.0068,2.987226,0.505554,0.125179,0.079273,0.055489,0.040192,0.048815,0.105411,0.124359,0.065573,0.048231,0.050848,0.040482,0.028274,0.025059,0.027764,3.620718,0.211689,0.091653,0.084633,0.055977,0.055379,0.059578,0.060529,0.066021,0.051892,0.044027,0.032472,0.04816,0.302846,67,0.660427,134,2,0.532731,0.725635,1.405558,1,0,0,0,0,0
0.082219,0.164966,0.074991,-71.707719,5.401837,-0.443525,2.43297,-0.527253,0.891568,-0.236457,0.379082,0.3153,0.329821,-0.037258,0.573858,0.182328,0.028039,0.065307,0.029758,4.03606,1.273121,0.621463,0.631774,0.57528,0.549822,0.478866,0.502971,0.504142,0.503869,0.571234,0.509915,0.56918,0.027473,0.06537,0.009939,4.090437,1.278695,0.505828,0.561414,0.571617,0.684764,0.465595,0.443783,0.516217,0.566709,0.686858,0.434462,0.520937,0.025399,0.05887,0.030071,4.259469,0.488267,0.202428,0.243482,0.164388,0.148391,0.152471,0.177503,0.120913,0.141301,0.205086,0.222488,0.19148,0.030605,72,0.026499,144,2,0.222135,0.22843,0.559116,0,0,1,0,1,0
0.126684,0.554933,0.103935,-70.164326,2.189237,2.552461,1.496289,0.651685,0.216779,-0.11854,0.382728,0.183928,0.578497,0.328051,0.512357,0.844594,0.141849,0.357819,0.05707,6.377111,2.027143,0.874753,0.789965,0.641509,0.619921,0.546426,0.564856,0.544524,0.516911,0.498547,0.451052,0.437907,0.029578,0.065737,0.008985,2.911218,0.832633,0.786247,0.673387,0.503401,0.368563,0.334398,0.319592,0.230247,0.16683,0.247291,0.218166,0.223947,0.014882,0.045036,0.028814,3.377221,0.244802,0.299039,0.166598,0.131548,0.09692,0.070846,0.07994,0.078221,0.075736,0.093365,0.076689,0.097533,0.918303,66,1.495118,132,2,1.335698,1.534298,2.869996,1,0,0,0,0,0
0.042251,0.579014,0.104078,-77.391031,4.00295,-0.163757,1.919519,0.991743,0.877082,0.879518,0.392381,0.694832,0.587819,0.659953,0.628131,0.568303,0.058974,0.409431,0.05527,8.552923,2.26206,1.696002,1.004875,0.831509,0.687261,0.584793,0.682059,0.52789,0.51667,0.534389,0.498277,0.528109,0.030285,0.155901,0.010202,5.133125,1.013815,1.291708,0.636216,0.429465,0.312894,0.258588,0.412016,0.241914,0.272826,0.198227,0.200196,0.23847,0.046919,0.046453,0.028681,3.989661,0.584694,0.370874,0.277187,0.206801,0.145546,0.155961,0.1891,0.124955,0.128723,0.116288,0.109978,0.164795,0.069679,93,0,186,2,0.071225,0.340146,0.503774,0,0,1,0,0,0
0.032578,0.229365,0.07672,-99.090802,5.416575,3.057155,1.625344,1.006122,1.039268,0.830065,1.01244,0.807894,0.703949,0.752952,0.50938,0.384687,0.027072,0.287364,0.030949,5.131172,1.57404,0.906871,0.659243,0.554216,0.496743,0.424967,0.415595,0.399109,0.388105,0.371826,0.350121,0.339011,0.03278,0.168734,0.008653,8.751678,2.051257,0.676644,0.545612,0.668803,0.458335,0.377261,0.217707,0.208101,0.233092,0.335024,0.17539,0.175192,0.036237,0.159344,0.029951,5.589574,0.652084,0.379262,0.206401,0.155459,0.137269,0.107265,0.095718,0.105565,0.097475,0.111172,0.073157,0.062122,0.020726,52,0.017572,104,2,0.082216,0.144486,0.26895,0,0,1,1,0,0
0.055128,0.124592,0.094374,-66.6025,5.021809,0.382416,1.940156,1.042366,0.678008,0.44515,0.561226,0.277827,0.4846,0.492986,0.500435,0.618529,0.050347,0.143736,0.043819,5.183566,1.582814,1.251092,0.871754,0.798172,0.710057,0.612052,0.627515,0.587313,0.577344,0.596127,0.535457,0.505193,0.018674,0.039884,0.00702,3.276353,0.889856,0.789516,0.488126,0.546042,0.382948,0.400547,0.30358,0.348544,0.337456,0.36568,0.331501,0.237694,0.028488,0.056445,0.028314,4.635004,0.314267,0.266586,0.174153,0.182108,0.180133,0.157901,0.120788,0.139666,0.124037,0.120761,0.181428,0.116747,0.250753,74,0.496006,148,2,0.470432,0.014947,1.141973,0,0,1,0,1,0
0.047946,0.089625,0.082202,-77.406966,7.626969,-0.262166,1.636232,0.100436,0.772571,0.214604,0.501804,0.273944,0.78915,0.959606,0.619931,0.143474,0.025645,0.060084,0.033839,4.720481,1.385797,0.663917,0.635171,0.650368,0.546325,0.612831,0.486839,0.563355,0.61876,0.656988,0.668172,0.610754,0.021284,0.04059,0.009173,4.335371,1.642591,0.504437,0.564303,0.577275,0.398966,0.481942,0.332376,0.445694,0.572006,0.607137,0.503354,0.446285,0.025989,0.0632,0.029491,4.065246,0.404836,0.140671,0.149951,0.203196,0.15325,0.21562,0.133809,0.215973,0.239261,0.262973,0.277836,0.265402,0.103862,87,0.033941,174,2,0.341551,0.056164,0.661704,0,0,1,1,0,0
0.056806,0.23133,0.09402,-69.769836,2.457773,0.78967,1.572476,0.43689,1.030961,0.524997,0.683694,0.496384,0.590433,0.453868,0.726463,0.500902,0.051474,0.266985,0.03787,5.383248,1.526871,1.137077,0.962082,0.836908,0.6675,0.679447,0.628544,0.576449,0.522193,0.499176,0.535437,0.466453,0.027796,0.07299,0.006018,1.873779,0.755857,0.483691,0.391117,0.349679,0.211916,0.184934,0.160421,0.229969,0.141584,0.149887,0.194345,0.133337,0.032359,0.074509,0.028712,4.298612,0.498685,0.233287,0.14928,0.142201,0.094156,0.109718,0.115869,0.099862,0.075045,0.071913,0.095809,0.060521,0.17922,56,0.268844,112,2,0.49603,0.350496,0.885866,0,0,0,0,0,1
0.076633,0.368077,0.094873,-76.700621,2.448765,1.073121,1.034744,0.524391,0.891016,0.315999,0.572867,0.31392,0.934636,0.866821,0.636536,0.368755,0.071899,0.326955,0.038366,7.150909,1.797842,1.278353,0.856774,0.833873,0.563267,0.616354,0.512957,0.484538,0.597433,0.496778,0.498438,0.499443,0.020795,0.094738,0.007248,3.859397,0.360945,1.152102,0.269924,0.416027,0.175122,0.193271,0.33552,0.167165,0.317108,0.151143,0.165942,0.20339,0.021607,0.090332,0.028799,3.969009,0.382659,0.360081,0.140382,0.215213,0.116075,0.106921,0.128105,0.070786,0.117123,0.080537,0.089396,0.124968,0.902539,66,0.794323,132,2,0.907095,0.794323,1.726749,0,1,0,0,0,1
0.08629,0.235833,0.077016,-75.190633,6.606154,0.67989,0.32983,0.472609,0.703915,0.664646,1.080427,0.556378,0.819151,0.685666,0.370347,0.327772,0.034481,0.120021,0.028465,2.790651,0.900587,0.564028,0.478503,0.480392,0.468179,0.444887,0.434967,0.46072,0.421154,0.40091,0.395249,0.370516,0.040432,0.173728,0.010118,4.955289,2.078427,1.148107,0.784929,0.934044,0.712852,0.309344,0.371273,0.768318,0.619133,0.227312,0.321884,0.270983,0.031921,0.114928,0.030329,5.195055,0.769,0.234995,0.102084,0.140889,0.078322,0.070208,0.082025,0.13825,0.113974,0.072466,0.068853,0.05609,0.264648,64,0.333092,128,2,0.477038,0.762768,1.331577,0,0,0,0,1,0
0.168687,0.698277,0.093261,-73.425628,1.493242,2.14045,0.850997,1.20121,1.039796,0.835462,0.735223,0.91073,0.589377,0.728285,0.507632,0.279079,0.159724,0.291835,0.03849,4.840004,1.444947,1.205771,0.661735,0.542841,0.496997,0.543896,0.461103,0.424683,0.435203,0.494753,0.459678,0.479423,0.019341,0.045761,0.007403,1.945159,0.30615,0.275933,0.124533,0.149156,0.139869,0.117577,0.082045,0.100513,0.077564,0.099763,0.074044,0.074705,0.010917,0.030447,0.029267,4.017287,0.221908,0.194496,0.071575,0.06782,0.053997,0.064642,0.049763,0.058136,0.042171,0.055324,0.053138,0.051551,0.579124,68,0.670814,136,2,0.66514,0.694562,1.507699,1,0,0,0,0,1
0.04431,0.328247,0.089572,-74.488069,3.611494,1.038638,2.136364,0.547973,0.760812,0.820011,0.413674,0.893327,0.709733,0.388724,0.594064,0.373953,0.045083,0.347362,0.043276,5.480823,1.406603,0.922545,0.882728,0.728157,0.574977,0.560553,0.575661,0.485209,0.436312,0.440098,0.450463,0.425604,0.021746,0.148849,0.008791,4.241698,0.731199,0.654923,0.856593,0.524006,0.379491,0.312854,0.455609,0.384568,0.211095,0.184107,0.33294,0.244056,0.026864,0.091097,0.030124,4.050137,0.333973,0.22979,0.29068,0.232147,0.133839,0.118676,0.174752,0.10197,0.087717,0.097796,0.130348,0.088035,0.200492,73,0.30889,146,2,0.484372,0.48184,1.309615,0,0,1,0,1,0
0.054193,0.138174,0.092916,-75.647394,5.193538,0.893623,1.418559,0.583133,0.799449,0.17421,0.960944,0.34644,0.531635,0.191043,0.728246,0.357453,0.038358,0.165032,0.040963,5.174867,1.337371,1.433698,0.922969,0.89559,0.842967,0.619369,0.548888,0.60882,0.50758,0.477451,0.474479,0.457126,0.015983,0.04931,0.007357,3.480443,0.581082,0.940138,0.462418,0.402926,0.366702,0.275508,0.221438,0.253278,0.215937,0.231597,0.159736,0.169806,0.027703,0.088124,0.028367,3.948931,0.29061,0.261964,0.246256,0.226469,0.171514,0.14195,0.089937,0.116422,0.087762,0.088216,0.089065,0.094868,0.290335,76,0.860527,152,2,0.544442,0,1.426767,0,1,1,0,0,0
0.065251,0.17252,0.078082,-60.418849,3.522476,-0.313147,1.908576,0.625787,0.553086,0.359123,0.446398,0.408188,0.5883,0.56739,0.500989,0.584293,0.031354,0.094979,0.030078,2.341556,0.80742,0.761064,0.636045,0.517174,0.519756,0.490393,0.455051,0.458374,0.464856,0.449255,0.412357,0.402491,0.022269,0.062552,0.007871,1.433715,0.622373,0.543481,0.342558,0.249062,0.264632,0.248744,0.214402,0.287694,0.290267,0.252478,0.197081,0.185015,0.022942,0.048284,0.030357,3.896263,0.302048,0.205318,0.17151,0.106137,0.091664,0.080031,0.072952,0.065163,0.081554,0.060796,0.060169,0.058631,0.114344,69,0.267371,138,2,0.248287,0.461747,0.948444,1,0,0,0,0,1
0.068296,0.175175,0.0934,-66.047116,5.295966,0.712742,0.659024,-0.099046,-0.237114,0.493464,0.833826,0.921015,0.165118,0.042163,0.214335,0.245008,0.051958,0.203283,0.040029,5.262989,1.729503,1.077033,1.115992,0.794022,0.751556,0.674363,0.729291,0.612353,0.587026,0.622152,0.579702,0.53507,0.020793,0.047904,0.007356,2.455381,0.525773,0.34671,0.385781,0.268522,0.243642,0.203719,0.346435,0.165061,0.321485,0.314927,0.166634,0.22251,0.023464,0.054796,0.028864,3.271986,0.328418,0.198145,0.247924,0.165197,0.141527,0.104046,0.122883,0.092085,0.110522,0.100702,0.120886,0.086112,0.389991,94,0,188,2,0.073621,0.609145,0.831004,0,0,0,0,0,1
0.039252,0.071174,0.082229,-83.020945,8.019265,3.192298,0.943949,0.64553,0.878602,0.312472,0.64532,0.457973,0.755565,0.549191,0.638168,0.787415,0.034608,0.082662,0.038463,4.623689,1.772542,1.101135,0.866803,0.657452,0.607451,0.582968,0.522369,0.52864,0.469107,0.444088,0.396434,0.382976,0.020457,0.042738,0.008588,10.078571,1.01752,1.734866,0.599979,0.543447,0.475365,0.454457,0.223077,0.274548,0.393001,0.321277,0.287245,0.225532,0.037842,0.079361,0.029494,4.54968,0.57345,0.34919,0.316822,0.18925,0.160207,0.182812,0.13249,0.161948,0.116181,0.107135,0.101102,0.07127,0.086763,84,0.097715,168,2,0.318303,0.112681,0.819872,0,0,1,1,1,0
0.115189,0.414242,0.094059,-75.378674,1.606148,2.342139,1.812999,1.05149,1.438829,0.667829,0.449984,0.46088,0.498692,0.510979,0.588261,0.525591,0.112585,0.320013,0.038055,5.190688,1.723788,1.233927,0.815743,0.596136,0.508677,0.445645,0.485653,0.427396,0.424817,0.454642,0.395791,0.397478,0.050823,0.157574,0.008455,4.21032,1.581974,0.286731,0.680235,0.240936,0.203077,0.162612,0.169742,0.173915,0.157385,0.172297,0.143565,0.147299,0.046598,0.041073,0.02887,3.953426,0.51975,0.42844,0.146548,0.082766,0.095803,0.061377,0.075374,0.067745,0.061418,0.057972,0.046068,0.052862,1.513175,66,1.750715,132,2,1.57803,1.750715,3.328744,1,0,0,0,0,1
0.038503,0.118093,0.095043,-72.73539,3.794645,0.563289,2.163561,0.53435,1.273385,0.558633,0.906469,0.733906,0.775456,0.606171,0.652886,0.371171,0.037813,0.176348,0.039548,6.218719,1.279799,1.325518,0.992972,0.766,0.685355,0.701846,0.546925,0.53978,0.510679,0.488979,0.499973,0.523304,0.01846,0.053649,0.007915,2.281013,0.547133,0.511488,0.51689,0.272111,0.291314,0.340332,0.20974,0.197656,0.179063,0.171857,0.161142,0.17642,0.023942,0.072356,0.028761,3.826915,0.2206,0.250757,0.187303,0.152543,0.118528,0.124362,0.09071,0.085431,0.071144,0.091806,0.090821,0.121756,0.104968,64,0.011003,192,3,0.189689,0.005646,0.214782,0,0,0,0,0,1
